,CATEGORY,HEADLINE_CLEAN
0,OLAHRAGA,Jadwal Siaran Langsung Semifinal Hylo Open 2022 Hari Ini Ada Anthony Ginting Live di iNews
1,KESEHATAN,Ngeri 978 Tahun Lagi Diperkirakan Bentuk Manusia Jadi Seperti Ini
2,KESEHATAN,Frustrasi Tak Cetak Gol Ronaldo Main Gulat Lawan Bek Aston Villa
3,KESEHATAN,Studi Temukan Bakteri Kulit Ternyata Bisa Picu Penyakit Lupus
4,KESEHATAN,Penyebab Diabetes pada Anak Orang Tua Wajib Tahu
5,KESEHATAN,10 Kebiasaan yang Tingkatkan Kualitas Sperma Kurangi Ngopi
6,EKONOMI,Direksi dan Komisaris Wanaartha Mundur Berjemaah
7,OLAHRAGA,Antonio Conte Kecam FA yang Hanya Beri Waktu Istirahat 3 Hari Pasca Piala Dunia 2022
8,OLAHRAGA,Diogo Dalot Dapat Pujian Usai Tampil Ciamik Ketika Manchester United Kalahkan West Ham United
9,KESEHATAN,Stroke Bisa Bikin Cacat Permanen Kenali 2 Jenisnya
10,OLAHRAGA,Mulai Melempem Bos Mercedes Bocorkan Kapan Lewis Hamilton Bakal Pensiun dari F1
11,KESEHATAN,Benarkah Air Kelapa Bisa Membersihkan Ginjal
12,EKONOMI,Honda Pasang Target Jual 1 Juta Motor Listrik di Indonesia 2030
13,EKONOMI,Perencana Keuangan Respons soal Gaji Miliaran Bisnis Asuransi
14,OLAHRAGA,Kisah Aji Soeganda Si Manusia Paling Kuat di Indonesia yang Otot Tangannya Putus pada saat Angkat Beban
15,KESEHATAN,11 Gejala yang Dialami Pasien Gagal Ginjal Akut Tak Cuma DemamDiare
16,OLAHRAGA,Hasil Perempatfinal Hylo Open 2022 Pulangkan Wakil India Gregoria Mariska Tunjung ke Semifinal
17,KESEHATAN,Aaron Carter Meninggal Riwayat Kepribadian GandaSkizofrenia Disorot
18,KESEHATAN,Heboh Jisoo BLACKPINK Punya Benjolan di Leher Benarkah Gejala Tumor
19,OLAHRAGA,Joao Cancelo Dikartu Merah Manchester City vs Fulham Imbang 11 di Babak Pertama
20,OLAHRAGA,Atalanta Vs Napoli Comeback Il Partenopei Menang 21
21,KESEHATAN,Ribuan Warga Peru Protes Tuntut Presiden Castillo Mundur
22,EKONOMI,Pentingnya Asuransi Penonton Bola Belajar dari Tragedi Kanjuruhan
23,OLAHRAGA,Lagi LeBron James Ungkap Keinginan untuk Buat Tim NBA di Las Vegas
24,OLAHRAGA,Hasil Manchester City vs Fulham di Liga Inggris 20222023 Erling Haaland Jadi Pahlawan The Citizens Menang 21
25,EKONOMI,Rupiah Tertekan ke Rp15645 Karena Imbal Hasil Obligasi AS Naik
26,EKONOMI,Selandia Baru Naikkan Suku Bunga 50 Bps Tertinggi dalam 7 Tahun
27,OLAHRAGA,Jelang Manchester City vs Fulham Pep Guardiola Sanjung Kualitas The Cottagers
28,KESEHATAN,PKB Buka Suara soal Isu Dekati PKS Gabung Koalisi Bareng Gerindra
29,EKONOMI,Rupiah Meradang Makin Mendekat ke Rp15400 per Dolar AS
30,OLAHRAGA,Guardiola Sebut 7 Calon Juara Liga Inggris Musim Ini
31,EKONOMI,Rektor UGM Klaim Siap Bayar Kerugian LPS Rp29 M karena Bank Gagal
32,EKONOMI,OJK Siapkan 4 Jurus Jaga Stabilitas Keuangan
33,KESEHATAN,Mau Cat Rambut Warna AshGrey Pikir Dulu Sebelum Bilang Yes
34,OLAHRAGA,Usai Bekuk Real Sociedad Manchester United Langsung Fokus Hadapi Aston Villa di Liga Inggris 20222023
35,OLAHRAGA,GaraGara Kaca Spion Lepas Fernando Alonso Kehilangan Poin di F1 GP Amerika Serika 2022
36,OLAHRAGA,Jeblok di FP1 Valencia Bagnaia Gugup Jelang Penentuan Juara
37,KESEHATAN,9 Manfaat Daun Binahong Bisa Redakan Nyeri Haid
38,OLAHRAGA,Meski Didesak Fans Sebastian Vettel Tak Goyah untuk Pensiun dari F1
39,EKONOMI,Rupiah Meradang ke Rp15274 per Dolar AS Awali Pekan Ini
40,KESEHATAN,Jubir Kemenkes Gagal Ginjal Akut Disebabkan Oleh Etilen Glikol
41,KESEHATAN,Speech Delay pada Anak Kapan Orang Tua Perlu Waswas
42,KESEHATAN,Obat Alami untuk Bumil Yang Masuk Angin
43,EKONOMI,Situasi Global Masih Tidak Pasti Rupiah Ditutup di Rp15427
44,KESEHATAN,9 Cara Menghilangkan Pilek dengan Cepat Tak Perlu Minum Obat
45,OLAHRAGA,Berhasil Unggul di Perempat Final Gregoria Ginting dan RehanLisa Siap Melaju ke Final Hylo Open 2022 Saksikan LIVE di iNews New Home Of Badminton
46,KESEHATAN,5 Cara Membesarkan Bokong Wanita dengan Gerakan Olahraga
47,KESEHATAN,Penyebab Seseorang Jadi Toxic People Korban Bullying Hingga Trauma Masa Kecil
48,KESEHATAN,5 Keluhan Terbanyak Pasien Gagal Ginjal Akut Orang Tua Wajib Waspada
49,EKONOMI,Rupiah Perkasa di Rp15560 per Dolar AS Pagi Ini
50,OLAHRAGA,George Russell Salahkan Diri Sendiri Usai Gagal Raih Pole Position di F1 GP Meksiko 2022
51,EKONOMI,Pefindo Perempuan Jadi Pengguna Paylater Terbanyak
52,EKONOMI,Kolaborasi BPJS Ketenagakerjaan dan KONI Lindungi Ekosistem Olahraga
53,OLAHRAGA,4 Kiper Dicari Manchester United untuk Gantikan David De Gea Nomor 1 dari Liga Inggris
54,EKONOMI,Lagilagi Bunga Acuan BI Naik Jadi 475 Persen
55,EKONOMI,BI Perkirakan Inflasi Tembus 58 Persen Pada Oktober 2022
56,EKONOMI,LPS Jamin 4955 Juta Rekening Bank Sampai Agustus 2022
57,EKONOMI,Kemenkeu Akan Setop Terbitkan Euro Bond Tahun Ini
58,OLAHRAGA,GaraGara Kevin Durant Klay Thompson Mampu Bangkit dari Keterpurukan karena Cedera
59,KESEHATAN,Mengapa Wanita Rentan Depresi saat Memasuki Masa Menopause
60,EKONOMI,BPJS Ketenagakerjaan Lindungi 32268 Pekerja Rentan di Kabupaten Paser
61,EKONOMI,LPS Prediksi Bunga Deposito Bank Naik Hingga 15 Bps Akhir 2022
62,EKONOMI,Survei Cawapres Sandiaga Uno Ungguli RK hingga AHY
63,OLAHRAGA,Kualifikasi F1 GP Meksiko 2022 Terpuruk Charles Leclerc Sebut Ada Masalah Mesin
64,EKONOMI,BI Angkat Suara soal Pelemahan Rupiah Terhadap Dolar AS
65,KESEHATAN,Vaksin AstraZeneca Punya Risiko Pembekuan Darah yang Lebih Tinggi
66,EKONOMI,Survei BI Kredit Tumbuh Positif pada Kuartal III
67,OLAHRAGA,Haaland Masih Manusia Degdegan Juga Eksekusi Penalti
68,KESEHATAN,141 Anak Meninggal Kasus Akibat Gagal Ginjal Indonesia Lampaui Gambia
69,KESEHATAN,FOTO Anakanak Pakistan Dikubur saat Gerhana Dipercaya Berkhasiat
70,EKONOMI,Ajaib Prime Layanan Eksklusif dan Personal untuk Cerdas Berinvestasi
71,KESEHATAN,BPOM Cemaran Etilen Glikol Obat Yarindo Sampai 100 Kali Lipat
72,KESEHATAN,Efek Samping Vaksin Inavac buatan Indonesia yang Diizinkan BPOM
73,OLAHRAGA,Tuchel Ungkap Kekecewaan Usai Dipecat Chelsea
74,EKONOMI,5 Rekomendasi FilmSerial MCU Wajib Tonton Sebelum Black Panther 2
75,KESEHATAN,Dikira Sariawan Biasa Wanita Inggris Jalani Operasi Pemotongan Lidah
76,OLAHRAGA,Hasil Kualifikasi MotoGP Valencia 2022 Jorge Martin Pole Position Marc Marquez Mengekor Ke2
77,KESEHATAN,Hatihati Studi Temukan Pelurus Rambut Bisa Picu Kanker Endometrium
78,OLAHRAGA,Menggila di F1 2022 Max Verstappen Disebut Layak Dapatkan Pengakuan Istimewa
79,OLAHRAGA,Iwan Bule Minta Peminat Kursi Ketum PSSI Sabar Sentilan tuh
80,OLAHRAGA,United 7 Deretan Pemakai Nomor 7 Jersey Manchester United
81,EKONOMI,Yen Ambruk Bank Sentral Jepang Ancangancang Beli Obligasi Darurat
82,OLAHRAGA,Man City Vs Fulham Dramatis Penalti Haaland Menangkan Citizens
83,OLAHRAGA,Pique Pensiun Umtiti Jangan Harap Diminta Barca Pulang
84,EKONOMI,Stafsus Erick Klarifikasi soal BSI Jadi BUMN Proses Masih Panjang
85,OLAHRAGA,Hasil Race F1 GP Meksiko 2022 Menang Lagi Max Verstappen Salip Rekor Michael Schumacher
86,EKONOMI,Uang ASN Madiun Dimakan Rayap hingga Rp35 Juta
87,EKONOMI,Rupiah Diprediksi Terus Tertekan Tembus di Rp15400 per Dolar AS
88,KESEHATAN,Apa Itu Benzena Pemicu Kanker yang Ditemukan di Produk Dry Shampoo
89,KESEHATAN,Kata Dokter soal Aturan Minum Obat Puyer Tak Boleh Sembarangan
90,OLAHRAGA,Jadi Pahlawan Kemenangan Manchester United atas West Ham Marcus Rashford Bisa Ikuti Jejak Cristiano Ronaldo
91,OLAHRAGA,Prediksi Skor Nottingham Forest vs Brentford di Liga Inggris 20222023 Ambisi Kedua Tim Bangkit dari Keterpurukan
92,EKONOMI,Suku Bunga BI Naik Warga 62 Harus Investasi Apa
93,EKONOMI,3 Cara Tracking Pencairan BPJS Ketenagakerjaan Online
94,OLAHRAGA,Dicuekin Cristiano Ronaldo saat Laga Manchester United vs West Ham Gary Neville Beri Respons Mengejutkan
95,EKONOMI,DPR Usul Bank Umum Wajib Kucurkan Kredit ke UMKM Minimal 20 Persen
96,EKONOMI,Rupiah Tembus Rp15302 per Dolar AS Imbas Inflasi RI Melesat
97,KESEHATAN,7 Ciri Ginjal yang Rusak Bukan Cuma Jarang Kencing
98,EKONOMI,Rupiah Menguat ke Rp15563 usai Imbal Hasil Obligasi AS Turun
99,EKONOMI,Dampak Penguatan Dolar AS Terhadap Rupiah
100,KESEHATAN,5 Sekutu Rusia yang Bikin AS Makin Pusing
101,KESEHATAN,Gagal Ginjal Akut Masyarakat Jangan Beli Obat Murah dan Dijual Bebas
102,OLAHRAGA,Liga 1 Rencananya Lanjut dengan Format Sentralisasi Tepatkah
103,EKONOMI,Jangan Sepelekan Covid19 Bisa Serang Jantung Hingga Ginjal
104,EKONOMI,Rupiah Terperosok ke Rp15368 per Dolar AS
105,KESEHATAN,7 Penyebab Sakit Tenggorokan Hatihati Bisa Jadi Tumor
106,EKONOMI,BankBank BUMN China Jual Dolar AS Demi Kerek Yuan
107,EKONOMI,RISingapura Perpanjang Kerja Sama Keuangan Bernilai Rp147 T
108,KESEHATAN,Tak Cuma GSpot ASpot Juga Ampuh Bikin Orgasme
109,OLAHRAGA,Keluhkan Performa Ferrari Charles Leclerc Merasa Balapan Sendirian di F1 GP Meksiko 2022
110,EKONOMI,INFOGRAFIS Efek Berantai Penguatan Dolar AS ke Ekonomi RI
111,EKONOMI,Rupiah Tersungkur ke Rp15597 Jelang Rilis Data Inflasi
112,KESEHATAN,RS Sardjito Telusuri Penyebab Gagal Ginjal Akut di Yogya Ini Hasilnya
113,KESEHATAN,5 Cara Mencegah Risiko Kanker Prostat pada Pria Perhatikan Gaya Hidup
114,OLAHRAGA,Susul Jonatan Christie Anthony Sinisuka Ginting Amankan Tiket BWF World Tour Finals 2022
115,KESEHATAN,Kasus Gagal Ginjal Akut Waspada Juga Interaksi Obat
116,EKONOMI,Pengamat Sepakat LPS Jamin Polis Asuransi dalam RUU PPSK
117,EKONOMI,Poundsterling Bergejolak Usai Rishi Sunak Jadi PM Inggris
118,OLAHRAGA,5 Pemain NBA yang Mahir Berbagai Bahasa Nomor 1 Legenda LA Lakers
119,OLAHRAGA,Hylo Open 2022 Gregoria Terhenti di Semifinal
120,EKONOMI,Rupiah Kembali Menguat ke Rp15200 per Dolar AS
121,OLAHRAGA,Jadwal Timnas Indonesia U20 Vs Moldova Malam Ini
122,OLAHRAGA,Jelang Chelsea vs Arsenal di Liga Inggris 20222023 Mikel Arteta Lempar Pujian ke PierreEmerick Aubameyang
123,KESEHATAN,Sering Menyipitkan Mata Picu Kulit Keriput Ini Kata Dokter
124,OLAHRAGA,MotoGP Valencia 2022 Francesco Bagnaia Dapat Suntikan Motivasi dari Pemain Juventus
125,KESEHATAN,Sederet Kondisi Mental Aaron Carter Sebelum Meninggal Termasuk Skizofrenia
126,EKONOMI,6 Daftar Lowongan Kerja Bank Indonesia dan Link Syarat Pendaftarannya
127,EKONOMI,Pengamat Khawatir Independensi Terancam Jika Politisi Jadi Gubernur BI
128,OLAHRAGA,Garnacho Oke di MU Ada Efek Messi
129,KESEHATAN,Hobi Tidur Miring Picu Keriput Dini Mitos atau Fakta
130,OLAHRAGA,Daftar Lengkap Pebalap MotoGP 2023
131,EKONOMI,DP Nol Persen KPR hingga Kredit Kendaraan Diperpanjang ke 2023
132,EKONOMI,Biang Kerok Poundsterling Jatuh Pangkas Pajak dan Subsidi Energi
133,OLAHRAGA,Soal Masa Depan Lewis Hamilton di Mercedes Toto Wolff Beri Bocoran
134,OLAHRAGA,Penyebab Kekalahan Jonatan Christie di Perempatfinal Hylo Open 2022
135,KESEHATAN,Jangan Sepelekan Covid19 Bisa Serang Jantung Hingga Ginjal
136,OLAHRAGA,Hasil NBA 20222023 Hari Ini  Milwaukee Bucks dan LA Lakers Kompak Menang Portland Trail Blazers Dihajar Memphis Grizzlies
137,KESEHATAN,Alasan Mengapa Meriang Bikin Badan Terasa Dingin Tapi Tidak Demam
138,EKONOMI,QRku BCA Dihapus per 1 November
139,EKONOMI,Rupiah Semringah ke Rp15585 per Dolar AS usai Yield Obligasi AS Turun
140,KESEHATAN,WHO 039Sentil039 8 Obat Sirup RI yang Tercemar EGDEG Diduga Picu Gagal Ginjal
141,OLAHRAGA,Seri Keenam ISSOM 2022 Belum Selesai 2 Pebalap Honda Sudah Juara
142,EKONOMI,BWI Uji Sertifikasi Ratusan Pengelola Wakaf
143,OLAHRAGA,herry ip
144,OLAHRAGA,Cetak Poin ke 25759 di NBA Kevin Durant Lewati Torehan Vince Carter
145,OLAHRAGA,Alami Penurunan Performa George Russel Tegaskan Ingin Benahi Ritme Balap
146,EKONOMI,Hari Ini QRku BCA Resmi Dihapus
147,EKONOMI,Rupiah Menguat ke Rp15463 per Dolar AS pada Sore Ini
148,OLAHRAGA,Hasil FP 2 MotoGP Valencia Luca Marini Tercepat Bagnaia Kesembilan
149,EKONOMI,Hasil Liga Inggris Mo Salah Gemilang Liverpool Ganyang Tottenham
150,EKONOMI,Mata Uang China Jatuh ke Level Terendah Sejak 2008
151,EKONOMI,Rupiah Keok Nyaris Sentuh Rp15650 per Dolar AS
152,OLAHRAGA,Raheem Sterling Bukan 039Anak Emas039 di Chelsea
153,KESEHATAN,Waspada Ciriciri Kanker Penis yang Jarang Disadari Pria Wajib Tahu
154,EKONOMI,Data Manufaktur AS Mengecewakan Rupiah Lesu di Rp15592
155,EKONOMI,Mengenal Namor Musuh Wakanda dari Talocan di Black Panther 2
156,EKONOMI,The Fed Makin Galak Suku Bunga Naik 75 Bps Tertinggi Sejak 2008
157,KESEHATAN,Gagal Ginjal Akut Gejala Penyebab dan Komplikasi
158,KESEHATAN,Studi Temukan Jam Makan yang Tepat Juga Bisa Menurunkan Gula Darah
159,OLAHRAGA,Hasil FP3 MotoGP Valencia 2022 Quartararo Keempat Bagnaia Ketujuh
160,KESEHATAN,Mengenal Namor Musuh Wakanda dari Talocan di Black Panther 2
161,EKONOMI,Rupiah Terperosok ke Rp15627 di Tengah Pelemahan Dolar
162,OLAHRAGA,Hasil Semifinal Hylo Open 2022 Anthony Sinisuka Ginting Rebut Tiket Final Usai Kalahkan Kidambi Srikanth 
163,OLAHRAGA,Berjaya di F1 2022 Lewis Hamilton Khawatir Red Bull Makin Menggila di Musim Depan
164,EKONOMI,3 Hari Usai Ditembak Eks PM Pakistan Keluar RS Pakai Kursi Roda
165,OLAHRAGA,Hasil Semifinal Hylo Open 2022 Hajar Unggulan Ke2 Rehan NaufalLisa Ayu Tembus Final
166,OLAHRAGA,Gagal Juara di F1 2022 Charles Leclerc Beberkan Masalah Utama Ferrari di Musim Ini
167,EKONOMI,Eks Gubernur Bank Sentral AS Ben Bernanke Raih Nobel Bidang Ekonomi
168,KESEHATAN,Lupakan Nasi Goreng Ini Menu Sarapan Sehat Hanya 3 Bahan
169,EKONOMI,Modal Asing Masuk ke RI Rp728 T dalam Sepekan
170,KESEHATAN,RS PON dan Transmedia Gelar Jalan Sehat Peringati Hari Stroke Sedunia
171,KESEHATAN,Kasus Covid Naik Omicron Subvarian XBB Disebut Bisa Kelabui Antibodi
172,KESEHATAN,Kebiasaan Tak Bisa Diam Ternyata Goyanggoyang Kaki Ada Manfaatnya
173,KESEHATAN,Belajar dari Itaewon Begini Cara Melakukan CPR untuk Henti Jantung
174,OLAHRAGA,Jadwal Semifinal Hylo Open 2022 Malam Ini 3 Wakil Indonesia Main
175,KESEHATAN,Pemerintah Kejar Pembangunan Rumah Ribuan Pekerja Konstruksi di IKN
176,OLAHRAGA,Sebastian Vettel Beri Tantangan Max Verstappen Rebut Kemenangan di 2 Balapan Akhir F1 2022
177,OLAHRAGA,Finis Ke5 di F1 GP Meksiko 2022 Carlos Sainz Jr Hasil Terbaik bagi Ferrari
178,OLAHRAGA,Jelang Persaingan Panas Perebutan Titel Juara Dunia di MotoGP Valencia 2022 Fabio Quartararo Justru Santai
179,OLAHRAGA,Stephen Curry Ungkap Penyebab Golden State Warriors Kalah dari Charlotte Hornets di NBA 20222023
180,EKONOMI,BTN Lepas Unit Usaha Syariah ke BSI Paling Lambat Juli 2023
181,EKONOMI,10 Negara yang Ikut Jejak The Fed Kerek Bunga Acuan demi Redam Inflasi
182,OLAHRAGA,Stoffel Vandoorne Resmi Gabung Aston Martin untuk F1 2023
183,EKONOMI,Credit Suisse Buyback Surat Utang Demi Tenangkan Investor
184,EKONOMI,Rupiah Terperosok ke Rp15646 di Tengah Pelemahan Dolar AS
185,EKONOMI,BIKemenkeu Rilis Panduan Penggunaan IndONIA
186,EKONOMI,DPR Usul Bentuk Badan Supervisi LPS dan OJK di RUU PPSK
187,KESEHATAN,Awas Nyeri Mendadak di Kaki Tanda Bahaya pada Jantung
188,EKONOMI,OJK Sanksi Wanaartha Life dan Kresna Life Kegiatan Usaha Dibatasi
189,OLAHRAGA,Meski Pukul Rekan Setim Draymond Green Dipercaya Mampu Kembalikan Kepercayaan Pemain Golden State Warriors
190,KESEHATAN,3 Hari Usai Ditembak Eks PM Pakistan Keluar RS Pakai Kursi Roda
191,KESEHATAN,Jadi Penyakit Paling Mematikan Kenali 4 Tandatanda Penyakit Jantung Koroner
192,OLAHRAGA,10 Data dan Fakta Chelsea Vs Arsenal
193,KESEHATAN,Survei Cawapres Sandiaga Uno Ungguli RK hingga AHY
194,OLAHRAGA,5 Atlet Dunia yang Jadi Mualaf dan Nikahi Perempuan Indonesia Nomor 1 Punya Jabatan Penting di Persik Kediri
195,KESEHATAN,Mirip dengan Flu Ini Beda Gejala Covid19 XBB dan Flu Biasa
196,KESEHATAN,Apakah Penyakit Bawaan Anak Bikin Gagal Ginjal Akut Lebih Parah
197,KESEHATAN,Lakukan Deteksi Dini Kanker Payudara Peluang Sembuh Capai 90 Persen
198,EKONOMI,Rupiah Makin Payah Dekati Rp15350 Ancaman Resesi Kian Nyata
199,EKONOMI,Tuntut Gaji Naik Ratusan Ribu Perawat di Inggris Siap Mogok Kerja
200,KESEHATAN,Terapi Ini Bisa Dilakukan untuk Pasien Pasca Stroke
201,OLAHRAGA,5 Rekan Tim di NBA yang Dulunya Musuh Bebuyutan Nomor 1 Berbuah Gelar Juara 
202,EKONOMI,BTN Incar Dana Segar Rp413 T dari Rights Issue
203,OLAHRAGA,Jelang Chelsea vs Arsenal di Liga Inggris 20222023 Raheem Sterling Serius Ingin Cetak Gol ke Gawang The Gunners
204,EKONOMI,PKB Buka Suara soal Isu Dekati PKS Gabung Koalisi Bareng Gerindra
205,EKONOMI,Ekonom Wantiwanti Soal Arus Modal Keluar di Tengah Ancaman Resesi
206,KESEHATAN,Bagaimana Etilen Glikol Racuni Anak Hingga Bikin Gagal Ginjal Akut
207,OLAHRAGA,6 Pemain NBA yang Dapat Sponsor dari Adidas di Musim 20222023 Nomor 1 Bintang Philadelphia Sixers
208,EKONOMI,Kecelakaan Pesawat Jatuh ke Danau di Tanzania 19 Tewas
209,KESEHATAN,Bungkam China RehanLisa Juara Hylo Open 2022
210,KESEHATAN,Varian XBB Hingga Vaksinasi Lambat Picu Lonjakan Angka Covid19 di RI
211,OLAHRAGA,Respons Sarkasme Guardiola atas Komentar Ibrahimovic soal Haaland
212,KESEHATAN,Cara Perbaiki Jam Tidur untuk Si Tukang Begadang
213,EKONOMI,Heru Mundur dari Kursi Komisaris BTN Sebelum Dilantik Gantikan Anies
214,EKONOMI,Mau Cat Rambut Warna AshGrey Pikir Dulu Sebelum Bilang Yes
215,EKONOMI,Rupiah Menguat Tipis ke Rp15554 per Dolar AS Sore Ini
216,KESEHATAN,FOTO Peluh Bidan Berikan Layanan Imunisasi Masyarakat Badui
217,EKONOMI,Pemerintah Kejar Pembangunan Rumah Ribuan Pekerja Konstruksi di IKN
218,KESEHATAN,Anak Tibatiba Demam Kapan Sebenernya Perlu Diberi Obat
219,OLAHRAGA,Surabaya Jadi Lokasi Final SEA Woman Basketball League 2022 Perbasi Ungkap Alasannya
220,EKONOMI,Ancaman Resesi Ekonomi Dunia Jungkalkan Rupiah ke Rp15470
221,OLAHRAGA,Jelang Manchester City vs Fulham di Liga Inggris 20222023 The Cottagers Takut Erling Haaland Tampil
222,KESEHATAN,Kesehatan Mental Jadi Isu yang Banyak Disorot Anak Muda Zaman Now
223,OLAHRAGA,F1 2022 Mercedes Berambisi Asapi Ferrari di Klasemen Akhir Kontruktor 
224,KESEHATAN,Cukai Rokok Elektrik Naik Lihat Lagi Efek Ngevape ke Paruparu
225,OLAHRAGA,Segel Gelar Juara Konstruktor F1 2022 Christian Horner Ini Penting untuk Red Bull Racing
226,OLAHRAGA,Mandzukic Juventus Jeblok Bukan Sepenuhnya Salah Allegri
227,EKONOMI,BPJamsostek Perluas Kemudahan Daftar dan Bayar Lewat Bank Nagari
228,EKONOMI,Suku Bunga BI Naik Apa Kabar Bunga Deposito Bank
229,OLAHRAGA,Hasil Kualifikasi F1 GP Meksiko 2022 Max Verstappen Rebut iPole Positioni
230,EKONOMI,Imbal Hasil Obligasi AS Naik Rupiah Bangkit ke Rp15262 per Dolar AS
231,KESEHATAN,Mengenal Bipolar Kondisi Kejiwaan yang Diidap Aaron Carter Sebelum Meninggal
232,EKONOMI,Satgas Tutup 18 Entitas Investasi Bodong
233,KESEHATAN,Uji Coba Ganjil Genap di Bali Jelang KTT G20 Pelanggar Tak Disanksi
234,OLAHRAGA,Arsenal Dijagokan Juara Liga Inggris 20222023 oleh Pelatih FC Zurich 
235,EKONOMI,Tiket KA untuk Libur Natal dan Tahun Baru Dijual Mulai Senin Besok
236,EKONOMI,Rupiah Lunglai ke Rp15361 per Dolar AS Sore Ini
237,EKONOMI,Investor Wait and See Rupiah Lesu ke Rp15567 per Dolar AS
238,OLAHRAGA,5 Pembelian Paling Mahal Liga Inggris di Musim Panas 2022 Nomor 1 Amunisi Muda Manchester United
239,KESEHATAN,Video Syur 039Kebaya Merah039 Bisa Saja Fetish dr Boyke Jelaskan Tandatandanya
240,OLAHRAGA,Real Madrid Mau Bellingham tapi Nggak Akan Kalap Keluar Uang
241,OLAHRAGA,4 Pemain Liga Inggris yang Tampil Gemilang Selama Oktober 2022 Nomor 1 Kukuh di Puncak Daftar Top Skor
242,EKONOMI,Tips Hidup Hemat Saat Triple Crises Menghantui
243,OLAHRAGA,Ayo Jadi Juru Selamat Juventus Chiesa
244,OLAHRAGA,Ben Chilwell Dipastikan Absen di Piala Dunia 2022
245,EKONOMI,BCA Resmi Hapus QRku Mulai Besok 1 November 2022
246,OLAHRAGA,Mars Perindo Versi Terbaru Tunjukkan Keindahan amp Keberagaman Indonesia
247,OLAHRAGA,Valentino Rossi Saksikan Langsung Latihan Bebas MotoGP Valencia 2022 Netizen Kangen Rossi Balapan Lagi
248,EKONOMI,Rupiah Lunglai di Rp15737 per Dolar AS di Akhir Pekan
249,EKONOMI,Rupiah Menguat ke Rp15464 Jelang Pengumuman Suku Bunga Acuan BI
250,OLAHRAGA,Cara Melakukan LayUp saat Bermain Bola Basket
251,OLAHRAGA,Chelsea vs Arsenal Mikel Arteta Waspadai Kejutan dari Graham Potter
252,KESEHATAN,Bercitacita Jadi Astronaut Sekolah Tinggi Jadi Syarat Mutlak
253,EKONOMI,Imbal Hasil Obligasi AS Sentuh 4 Persen Rupiah Loyo ke Rp15266
254,KESEHATAN,Gagal Ginjal Akut 4 Jenis Zat Ini Dilarang BPOM Dipakai Untuk Obat
255,KESEHATAN,Cemaran Etilen Glikol di Obat Yarindo 100 Kali Lipat dari Batas Aman
256,EKONOMI,PBB Minta Bankbank Sentral Tahan Suku Bunga Demi Hindari Resesi
257,KESEHATAN,Makan Ubi Bikin Kentut Terus Ini Saran Dokter
258,KESEHATAN,Disebut Bukan Obat Gagal Ginjal Akut Lantas Apa Itu Fomepizole
259,EKONOMI,Rupiah Kian Terpuruk ke Rp15622 Jelang Rapat The Fed
260,KESEHATAN,Khasiat Daun Sirsak Turunkan Kolesterol Hingga Bantu Obati Kanker
261,EKONOMI,Yuan Merosot Terus Menerus Bank Sentral China Klaim Masih Stabil
262,EKONOMI,Credit Suisse Bakal PHK 9000 Pekerja pada 2025
263,OLAHRAGA,Ditabrak di Latihan Bebas 2 MotoGP Valencia 2022 Marc Marquez Kasih Peringatan kepada Alex Rins
264,OLAHRAGA,Hasil Lengkap Semifinal Hylo Open 2022 Anthony Ginting dan Rehan NaufalLisa Ayu Melaju ke Final
265,OLAHRAGA,Gerard Pique dan 30 Piala di Barcelona
266,KESEHATAN,Cara Menurunkan Demam Kompres Hangat atau Dingin
267,KESEHATAN,FOTO Vaksin Langka saat Kasus Kolera Melonjak di Seluruh Dunia
268,EKONOMI,Survei BI Kinerja Penjualan Eceran Naik pada September 2022
269,OLAHRAGA,Hasil Latihan Bebas 4 MotoGP Valencia 2022 Miguel Oliveira Amankan Posisi Pertama Marc Marquez Tercecer Ke15
270,OLAHRAGA,Hertha Berlin Vs Bayern Munich Sengit Die Roten Menang Tipis
271,KESEHATAN,Ini 4 Ciriciri Air yang Terkontaminasi Jangan Diminum
272,EKONOMI,Pelemahan Dolar AS Angkat Rupiah ke Rp15582
273,OLAHRAGA,Segininya Ibrahimovic Puji Giroud
274,EKONOMI,BI Pangkas Proyeksi Pertumbuhan RI 2023 Jadi Tinggal 53 Persen
275,KESEHATAN,5 Kebiasaan Penyebab Sariawan Bukan Kurang Makan Buah
276,EKONOMI,Rupiah Tembus Rp15318 Sore Ini Tertinggi Sejak April 2020
277,KESEHATAN,Gerhana Bulan Total 8 November Butuh Alat Khusus Buat Saksikan
278,EKONOMI,Investor Naik 100 Ajaib Komitmen Tingkatkan Layanan Keuangan Modern
279,EKONOMI,5 Dampak Kenaikan Suku Bunga BI yang Bikin Beban Hidup Makin Berat
280,EKONOMI,Moodys Pangkas Outlook Peringkat Utang Inggris ke Negatif
281,KESEHATAN,3 Cara Menghilangkan Panu di Wajah yang Efektif
282,EKONOMI,Modal Asing Hengkang dari RI Rp422 T Selama Sepekan
283,OLAHRAGA,Fred Hubungan Ronaldo dengan Ten Hag Kini
284,OLAHRAGA,tragedi kanjuruhan
285,EKONOMI,BPJS Kesehatan Tanggung Biaya Berobat Gangguan Ginjal Akut
286,OLAHRAGA,5 Pesepakbola Didikan Akademi Manchester City yang Pernah Juara Liga Inggris di Klub Lain Nomor 1 Legenda Tim Rival
287,OLAHRAGA,Bamsoet Puji Kiprah 2 Pembalap Cilik RI di FIM MiniGP World Series 2022
288,EKONOMI,13 Bank Daerah Belum Penuhi Bermodal Rp3 T
289,EKONOMI,Jokowi Pesan ke BPJamsostek Titip Dana Rp607 T Itu Uang Pekerja
290,EKONOMI,Data Manufaktur AS Melemah Rupiah Bangkit di Level Rp15247 per Dolar
291,EKONOMI,FOTO Koin Inggris Gambar Raja Charles III Bakal Dirilis
292,EKONOMI,RUU PPSK OJK Boleh Ajukan PKPU Perusahaan Keuangan
293,EKONOMI,Yuan China di Ujung Tanduk Dekati Level Terendah Krisis 2008
294,EKONOMI,Cara Cek BPJS Kesehatan Aktif atau Tidak lewat Hp
295,KESEHATAN,Bagaimana Penanganan Pertama Gagal Ginjal Akut
296,EKONOMI,Modal Asing Rp900 M Masuk RI Sepekan Ini
297,KESEHATAN,INFOGRAFIS Cara Hitung Volume Air Seni Normal pada Anak
298,EKONOMI,Pengguna Tumbuh 2 Kali Ajaib Luncurkan Layanan Premium Ajaib Prime
299,KESEHATAN,Bagianbagian Tubuh yang Tepat untuk Dikompres Saat Anak Demam
300,OLAHRAGA,Instagram Resmi Manchester United Unggah Foto Rayyanza dan Nagita Slavina Netizen OTW Jadi Ranchester United
301,KESEHATAN,4 Vitamin Penting buat Otak Biar Kamu AntiPikun
302,EKONOMI,FOTO Rupiah Tembus Rp15236 per Dolar AS Terparah Sepanjang 2022
303,OLAHRAGA,Soal Formasi Tiga Bek Chelsea Kalidou Koulibaly Ini Hal Baru bagi Saya
304,KESEHATAN,7 Manfaat Bunga Kantil untuk Kesehatan Bisa Mengobati Flu
305,OLAHRAGA,Jelang FIBA World Cup 2023 Dikonfirmasi Dirut Pengelola GBK Pembangunan Indonesia Arena Sudah Capai 50 Persen
306,OLAHRAGA,Sabet Pole Position hingga Asapi Marc Marquez di Kualifikasi MotoGP Valencia 2022 Jorge Martin Tak Sangka
307,EKONOMI,Bank Mandiri Kantongi Laba Rp307 Triliun per September 2022
308,OLAHRAGA,Prediksi Ranking BWF Terbaru Pekan Depan Fajar AlfianMuhammad Rian Ardianto Tembus Peringkat 3 Dunia
309,EKONOMI,Rupiah Keok di Rp15227 Imbas Pasar Berharap ECB Kerek Suku Bunga
310,KESEHATAN,Obesitas Bisa Sebabkan Gagal Ginjal Kronis pada Anak
311,KESEHATAN,Obat yang Sudah Dinyatakan Aman oleh BPOM Boleh Dikonsumsi Lagi
312,OLAHRAGA,Messi Ungkap Momen Terindah Sampai Bikin Dia Nangis
313,EKONOMI,Uji Coba Ganjil Genap di Bali Jelang KTT G20 Pelanggar Tak Disanksi
314,EKONOMI,Elon Musk Siapkan Cuan untuk Konten Kreator Twitter Saingi TikTok
315,OLAHRAGA,Cedera yang Sering Menimpa Atlet Basket Profesional
316,OLAHRAGA,motogp thailand
317,EKONOMI,Bank Artha Graha Jawab soal Pembubaran Dana Pensiun oleh OJK
318,OLAHRAGA,3 Kisah Sedih Valentino Rossi di MotoGP Valencia Nomor 1 Sampai Minta Belas Kasihan
319,KESEHATAN,1 Jam Serangan Stroke Sama dengan Menua 36 Tahun Lebih Cepat
320,EKONOMI,FOTO Ukiran Wajah Aktris AsiaAmerika Anna May Wong di Koin Dolar
321,KESEHATAN,Minum Air Kelapa Ampuh Obati Keracunan Makanan Ini Faktanya
322,KESEHATAN,Hatihati Jika Kondisi Urine Seperti Ini Bisa Jadi Penyakit Ginjal
323,EKONOMI,3 Cara Intip Saldo BPJS Ketenagakerjaan Online Bisa dari Hp
324,EKONOMI,OJK Yakin Inklusi Keuangan Capai 90 Persen pada 2024
325,EKONOMI,Staf Menkeu Klaim Inflasi RI Jauh Lebih Baik Dibanding Negara Lain
326,OLAHRAGA,Jelang Tottenham Hotspur vs Liverpool Jurgen Klopp Pertandingan Besar dan Sangat Sulit
327,OLAHRAGA,Pengertian Jumpball Tata Cara dan Prosesnya dalam Bola Basket
328,EKONOMI,Trio Ekonom AS Raih Nobel Ekonomi 2022
329,EKONOMI,Total Aset Keuangan Syariah RI Tembus Rp2200 T per Agustus
330,OLAHRAGA,pilih liga
331,EKONOMI,Rupiah Lunglai ke Rp15475 per Dolar AS Pagi Ini
332,KESEHATAN,Kasus Covid19 Kembali Naik Ini Beda Gejalanya dengan Flu Biasa
333,OLAHRAGA,kevin sanjaya
334,KESEHATAN,Jangan Dipantang Banyak Pasien Kanker Meninggal Karena Malnutrisi
335,KESEHATAN,ASI Tetap Utama Susu Formula Hanya Boleh Diberikan dalam Kondisi Ini
336,KESEHATAN,Antisipasi Gagal Ginjal Akut Ini yang Perlu Dilakukan Orang Tua
337,EKONOMI,Kelas Standar BPJS Uji Coba di 4 RS Iuran Masih Dibahas
338,KESEHATAN,Bukan Cuma Obat Sirup Ada Hal Lain yang Sebabkan Gagal Ginjal Akut
339,EKONOMI,Investor Dinilai Bakal Pilihpilih Parkir Duit di Startup
340,KESEHATAN,181 Korban Itaewon Halloween Henti Jantung Bisa Serang Anak Muda
341,KESEHATAN,Cukai Rokok Naik 10 Persen Bakal Kurangi Perokok Nggak Sesimpel Itu Sih
342,OLAHRAGA,Hasil FP1 MotoGP Valencia 2022 Quartararo Tercepat Bagnaia ke17
343,KESEHATAN,Stroke Bukan Penyakit Lansia Anak Muda Usia 20an Juga Bisa Kena
344,KESEHATAN,Gegara Lockdown Ketat China Bocah 3 Tahun Tewas Gegara Telat ke RS
345,KESEHATAN,Piala Dunia Qatar Bumil Cek Kandungan Tak Bakal Diminta Surat Nikah
346,EKONOMI,Transaksi Yuan Digital Tembus 100 M per Agustus 2022
347,EKONOMI,Rupiah Meradang ke Rp15185 Karena Pernyataan Gubernur The Fed
348,OLAHRAGA,Prediksi Skor Manchester City vs Fulham di Liga Inggris 20222023 Peluang iThe Citizensi Salip Arsenal di Puncak Klasemen
349,EKONOMI,Cara dan Syarat Klaim JHT BPJS Ketenagakerjaan via Lapak Asik
350,OLAHRAGA,Valentino Rossi Disebut Sering Tunggu Pembalap Lain Supaya Balapan MotoGP Jadi Menarik Netizen Marquez Mana Bisa
351,OLAHRAGA,Yakin Takkan Ulangi Kesalahan Lagi Charles Leclerc iPedei Bisa Bersaing di F1 2023
352,KESEHATAN,Sakit Pinggang Melanda Dokter Tak Anjurkan Olahraga Ini
353,EKONOMI,Rupiah Makin Loyo Bisa Tembus Rp16 Ribu
354,OLAHRAGA,Fans Valentino Rossi Sindir Marc Marquez yang Loyo di Usia 29 Tahun
355,KESEHATAN,Apa itu Penyakit Leptospirosis yang Selalu Menghantui Tiap Banjir
356,KESEHATAN,Masa Menopause Bisa Picu Sindrom Metabolik Ini Gejalanya
357,EKONOMI,BPJamsostek Bayar Klaim JHT ke 22 Juta Peserta per September 2022
358,EKONOMI,Link dan Syarat Lamar 6 Lowongan Kerja di Bank Indonesia
359,KESEHATAN,Hatihati Ini Orang yang Paling Rentan Tertular Covid19 Varian XBB
360,EKONOMI,Kebijakan BI yang Kurang Agresif Tekan Rupiah ke Rp15631
361,KESEHATAN,Honda Pasang Target Jual 1 Juta Motor Listrik di Indonesia 2030
362,KESEHATAN,Imbauan Tak Minum Obat Sirup Jadi Harus Pakai Obat Apa
363,OLAHRAGA,Hylo Open 2022 Anthony Ginting dan RehanLisa ke Final
364,OLAHRAGA,Bukannya Fabio Quartararo Hobi Mengeluh
365,EKONOMI,PT Taspen dan PPATK Sepakat Berantas Praktik Pencucian Uang
366,EKONOMI,Pelemahan Dolar AS Angkat Rupiah ke Rp15590
367,KESEHATAN,5 Ciriciri Air yang Terkontaminasi Jangan Diminum Jika Ogah Sakit
368,OLAHRAGA,Jalani Balapan Ke100 di F1 GP Meksiko 2022 Charles Leclerc Petualangan yang Luar Biasa
369,KESEHATAN,9 Rekomendasi Film Baru Netflix yang Bagus untuk Ditonton
370,KESEHATAN,Dialami Banyak Korban Tragedi Itaewon Apa Itu Henti Jantung
371,EKONOMI,Pengemudi Mobil Tabrak Sepeda Sepakat Damai dengan Korban
372,KESEHATAN,9 Manfaat Renang bagi Tubuh Bisa Meningkatkan Kualitas Tidur
373,KESEHATAN,Kelebihan ASI Dibandingkan Susu Formula Bikin Anak Jadi Lebih Cerdas
374,EKONOMI,Bercitacita Jadi Astronaut Sekolah Tinggi Jadi Syarat Mutlak
375,OLAHRAGA,Sebelum Perpanjang Kontrak di McLaren Lando Norris Sempat Digoda Red Bull Racing
376,OLAHRAGA,Daniel Ricciardo Diisukan Jadi Pembalap Cadangan Mercedes di F1 2023 Toto Wolff Angkat Bicara
377,EKONOMI,Mirip dengan Flu Ini Beda Gejala Covid19 XBB dan Flu Biasa
378,EKONOMI,Rupiah Dekati Rp15500 per Dolar AS Antisipasi Bunga The Fed Naik
379,EKONOMI,9 Rekomendasi Film Baru Netflix yang Bagus untuk Ditonton
380,EKONOMI,LPS Bisa Simpan Dana di Bank Sakit di RUU PPSK
381,EKONOMI,OJK Kredit Bank Tumbuh 11 Persen Leasing Naik 1068 Persen
382,OLAHRAGA,Curhat Sergio Perez Jadi Rekan Setim Max Verstappen di F1 2022 Tantangan Besar
383,KESEHATAN,Kemenkes Tanggapi Kenaikan Cukai Rokok 10 Persen Harusnya 25 Persen
384,EKONOMI,Utang AS Tembus Rp472 Ribu Triliun Pertama Kali dalam Sejarah
385,EKONOMI,Rupiah Kembali Bertenaga Menguat ke Rp15202 per Dolar AS
386,OLAHRAGA,Jelang Chelsea vs Arsenal di Liga Inggris 20222023 PierreEmerick Aubameyang Pastikan Siap Hadapi sang Mantan
387,EKONOMI,Rupiah Lanjutkan Penguatan ke Level Rp15192 per Dolar AS
388,KESEHATAN,7 Penyebab Sakit Pinggang Usia hingga Faktor Keturunan
389,OLAHRAGA,Reiss Nelson Cetak Dua Gol ke Gawang Nottingham Forest Mikel Arteta Dia Berkembang
390,EKONOMI,Survei Milenial Lebih Suka Paylater Ketimbang Kartu Kredit
391,EKONOMI,13 Mobil yang Rusak di Tragedi Kanjuruhan Bisa Ditanggung Asuransi
392,EKONOMI,BI Catat Permintaan Pembiayaan Korporasi Meningkat pada September
393,OLAHRAGA,4 Pemain Hebat NBA yang Pernah Datang ke Indonesia Nomor 1 Pernah Bela Golden State Warriors
394,KESEHATAN,Waspada Gagal Ginjal Akut Ini Volume Urine Normal Anak dan Cara Ukur
395,KESEHATAN,255 Kasus Gagal Ginjal Anak Apa saja Keluhan Paling Umum
396,KESEHATAN,4 Penyebab Mobil Mesin Diesel Masuk Angin
397,EKONOMI,Apa Saja Perbedaan KIS dan BPJS Kesehatan
398,EKONOMI,Uang Rp20 Ribu yang Viral di India Sudah Ditarik BI
399,EKONOMI,LPS Bakal Jamin Polis Asuransi dalam RUU PPSK
400,OLAHRAGA,Penyebab Raihan Buruk Francesco Bagnaia di Latihan Bebas 1 MotoGP Valencia 2022
401,OLAHRAGA,5 Pemain Power Forward yang Bisa Mencuri Perhatian di NBA Musim 20222023 Nomor 1 Jagoan Milwaukee Bucks
402,EKONOMI,OJK Bubarkan Dana Pensiun Artha Graha
403,EKONOMI,Rupiah Terpuruk ke Rp15571 per Dolar AS Sore Ini
404,OLAHRAGA,Hasil NBA 20222023 Hari Ini Golden State Warriors Tumbang Lagi LA Lakers Akhirnya Menang
405,OLAHRAGA,Dicemooh Banyak Penonton Usai Juarai F1 GP Meksiko 2022 Max Verstappen Tak Peduli
406,KESEHATAN,7 Penyebab Sering Sariawan Salah Satunya Stres
407,OLAHRAGA,Marc Marquez Pasang Target Tinggi di MotoGP Valencia 2022 Usai Pastikan Start Ke2 
408,OLAHRAGA,Jelang F1 GP Meksiko 2022 Lewis Hamilton Waspadai Kekuatan Red Bull Racing
409,EKONOMI,Rupiah Kebakaran ke Rp15236 per Dolar AS Tertinggi Tahun Ini
410,OLAHRAGA,Mercedes Masih Punya Harapan Finis Ke2 di Klasemen Konstruktor F1 2022 Toto Wolff Itu Menghibur Kami
411,OLAHRAGA,Tergelincir di Latihan Bebas F1 GP Meksiko 2022 Max Verstappen Itu seperti Es
412,KESEHATAN,COVID19 Lewat Uganda Lockdown 21 Hari Gegara Penyakit Mematikan Ini
413,OLAHRAGA,Taklukkan Loh Kean Yew di Perempatfinal Hylo Open 2022 Anthony Ginting Beberkan Kunci Suksesnya
414,OLAHRAGA,Cristiano Ronaldo Beli Villa Termahal di Portugal Siap Pensiun
415,OLAHRAGA,Diasapi Max Verstappen di F1 GP Meksiko 2022 Lewis Hamilton Ragu Samai Kecepatan Red Bull jika Gunakan Ban Tepat
416,EKONOMI,Transaksi Valas Melesat 40 Persen di Bali Jelang G20
417,EKONOMI,Rupiah Lesu ke Rp15573 per Dolar AS Jelang Rapat The Fed
418,EKONOMI,Rupiah Dekati Rp15750 per Dolar AS Akibat Kenaikan Yield Obligasi AS
419,KESEHATAN,DKI Sumbang 1542 Ini Sebaran 3662 Kasus Baru COVID19 RI 6 November
420,OLAHRAGA,Hasil Lengkap IBL Draft 2022 Satria Muda Pertamina Dapat Eks Pemain Toronto Raptors Dior Lowhorn Berlabuh ke Bali United
421,KESEHATAN,Elon Musk Siapkan Cuan untuk Konten Kreator Twitter Saingi TikTok
422,KESEHATAN,7 Obat Gatal Kemaluan Tradisional untuk Wanita Pakai Rebusan Sirih
423,EKONOMI,Rupiah Menguat Tipis Rp15228 karena Imbal Hasil Obligasi AS Turun
424,OLAHRAGA,Semifinal Hylo Open 2022 Gregoria Mariska Kuatkan Mental
425,KESEHATAN,Berjuang Menembus Pegunungan Demi Imunisasi Suku Baduy
426,OLAHRAGA,Gerard Pique Pensiun Xavi Dia Legenda
427,OLAHRAGA,Bandingkan Gaya Permainan Coach Toro dan Milos Pejic Widyanta Putra Teja Bilang Begini
428,KESEHATAN,Ahli Vaksin Covid19 mRNA Bisa Sebabkan Perdarahan Hebat saat Haid
429,EKONOMI,Apa Saja Penyakit yang Tidak Ditanggung BPJS Kesehatan
430,OLAHRAGA,Charles Leclerc Jaga Optimisme Jelang Balapan F1 GP Meksiko 2022 meski Kecelakaan di Latihan Bebas 2
431,OLAHRAGA,Jadwal Liga Inggris Malam Ini City Ditantang Kuda Hitam Fulham
432,OLAHRAGA,5 Bek Kiri Paling Mahal di Liga Inggris Musim 20222023 Nomor 1 Andalan Liverpool
433,OLAHRAGA,Impresif di Laga Manchester United vs West Ham Harry Maguire Tuai Pujian dari Erik Ten Hag
434,EKONOMI,BI Klaim Pelemahan Rupiah Masih Lebih Baik dari Ringgit hingga Bath
435,EKONOMI,Rupiah Terperosok ke Rp15580 per Dolar AS Pagi Ini
436,OLAHRAGA,Jika Ingin Bersaing di F1 2023 Charles Leclerc Minta Scuderia Ferrari Lebih Konsisten
437,OLAHRAGA,marc marquez
438,KESEHATAN,Kopi Indonesia Mengandung Isoprocarb Apa Efeknya Buat Kesehatan
439,OLAHRAGA,Legenda Bulutangkis Justian Suhandinata Meninggal Dunia
440,EKONOMI,OJK Kirim 19 Surat Cinta Imbas Pelanggaran Iklan di Pasar Modal
441,EKONOMI,Bungkam China RehanLisa Juara Hylo Open 2022
442,OLAHRAGA,Belum Mau Pensiun dari F1 Lewis Hamilton Segera Perpanjang Kontrak dengan Mercedes
443,OLAHRAGA,Marco Bezzechi Alami Insiden Mengerikan di Latihan Bebas 3 MotoGP Valencia 2022 Motor Ducati Miliknya Sampai Terbakar
444,EKONOMI,Rupiah Makin Terpuruk ke Rp15357 Sore Ini
445,OLAHRAGA,NBA Pramusim 20222023 Giannis Antetokounmpo Ingin Milwaukee Bucks Tur ke China dan India
446,OLAHRAGA,Steve Nash Ditendang Brooklyn Nets Kevin Durant Sempat Kaget
447,OLAHRAGA,Evaluasi Jonatan Christie di Tiga Turnamen Eropa
448,EKONOMI,Viral Uang Kuno Rp20 Ribu Indonesia di India
449,OLAHRAGA,Milos Pejic Beberkan Alasan Las Vegas Jadi Lokasi TC Timnas Basket Indonesia
450,KESEHATAN,Gejala Covid19 XBB dan XBC Kombinasi Varian Delta dan Omicron
451,EKONOMI,Bank Raksasa Irlandia Tawarkan Karyawan Menopause Cuti Berbayar
452,OLAHRAGA,Hasil NBA 20222023 Hari Ini Charlotte Hornets Hajar Golden State Warriors Chicago Bulls Dipermalukan Philadelphia 76ers 
453,KESEHATAN,Hatihati Air Minum Indonesia Terkontaminasi Tinja Cek Ciricirinya
454,OLAHRAGA,Erling Haaland Jadi Pahlawan Manchester City Menang 21 atas Fulham Saya Gugup
455,EKONOMI,The Fed Berpotensi Tahan Diri Rupiah Menguat Tipis di Level Rp15343
456,KESEHATAN,10 Makanan Pembersih Pembuluh Darah Bantu Turunkan Risiko Penyakit Jantung
457,OLAHRAGA,Prediksi Skor Wolves vs Brighton di Liga Inggris 20222023 Momentum Daniel Podence Cs Keluar dari Zona Degradasi
458,EKONOMI,Satgas Waspada Investasi Tutup 105 Pinjol Ilegal
459,OLAHRAGA,Resmi Wolves Tunjuk Julen Lopetegui sebagai Pelatih Baru
460,KESEHATAN,Tiket KA untuk Libur Natal dan Tahun Baru Dijual Mulai Senin Besok
461,EKONOMI,Jepang Guyur Rp67148 T Demi Bangkitkan Yen dari Keterpurukan
462,OLAHRAGA,Jelang MotoGP Valencia 2022 Marc Marquez Siap Ambil Risiko
463,KESEHATAN,Jangan Abaikan Varises Bahaya Jantung dan Paruparu Mengintai
464,OLAHRAGA,5 Pemain Manchester united yang Sudah Usang tapi Selalu Dibela Sir Alex Ferguson Nomor 1 Pernah Main di Indonesia
465,KESEHATAN,5 Rekomendasi FilmSerial MCU Wajib Tonton Sebelum Black Panther 2
466,OLAHRAGA,WTA Finals 2022 Sikat Jessica Pegula 2 Set Langsung Aryna Sabalenka Sangat Puas
467,EKONOMI,Data Ekonomi AS Mengecewakan Rupiah Menguat Tipis ke Rp15562
468,EKONOMI,Rupiah Diproyeksi Tembus Rp15400 Bulan Ini Pertanda Resesi
469,OLAHRAGA,Bima Perkasa Juara IBL 3x3 Indonesia Tour 2022 Usai Kalahkan Satria Muda
470,OLAHRAGA,Quartararo Start ke4 di MotoGP Valencia Bagnaia ke8
471,OLAHRAGA,MotoGP Valencia 2022 Babak Belur di 2 Balapan Terakhir Joan Mir Punya Motivasi Lebih untuk Bangkit
472,EKONOMI,Tips Investasi Valas saat Dolar AS Gagah Perkasa Jual atau Beli
473,OLAHRAGA,Ada Fun Run di Ciawi Akhir Pekan Ini Seperti Apa
474,EKONOMI,Rupiah Ambrol ke Rp15500 Sore Ini Terlemah Dalam 25 Tahun Terakhir
475,OLAHRAGA,Hasil NBA 20222023 Hari Ini Orlando Magic Bekuk Golden State Warriors Oklahoma City Thunder Kena Hajar Denver Nuggets
476,OLAHRAGA,Hasil NBA 20222023 Hari Ini Milwaukee Bucks dan Brooklyn Nets Berjaya Houston Rockets Takluk di Tangan LA Clippers
477,EKONOMI,Rupiah Lunglai ke Rp15695 per Dolar AS Imbas Bunga The Fed Naik
478,EKONOMI,4 Penyebab Mobil Mesin Diesel Masuk Angin
479,KESEHATAN,Mitos atau Fakta Anak Boleh Minum Kopi agar Tidak Kejang
480,OLAHRAGA,Tuchel Buka Peluang Latih Tim Nasional
481,KESEHATAN,7 Penyebab Tanda Putih di Kuku Tak Berarti Ada yang Rindu
482,OLAHRAGA,Bentuk Gerakan dan Posisi Tangan saat Memantul Bola Basket
483,KESEHATAN,7 Obat Batuk Berdahak Alami yang Bisa Dicoba di Rumah
484,KESEHATAN,Studi Video Game Tingkatkan Fungsi Kognitif Anak
485,EKONOMI,Transaksi Uang Elektronik Melesat 3579 Persen Kuartal III 2022
486,EKONOMI,Jasa Raharja Santuni 18 Korban Kebakaran KM Cantika NTT Rp50 Juta
487,KESEHATAN,Gejala Awal Gagal Ginjal Akut Muncul Sebelum Anak Mulai Jarang Pipis
488,KESEHATAN,Gejala Awal Gagal Ginjal Akut Menurut Dokter Sering Dianggap Sepele
489,EKONOMI,VIDEO Bagaimana Cara Kerja Robot Trading
490,KESEHATAN,Jurus Reza Andriyanto Pangkas BB 105 Kg Sempat Diet Tapi Nggak Ngaruh
491,EKONOMI,Rupiah Kembali Lunglai ke Rp15202 per Dolar AS
492,KESEHATAN,Khasiat Ajaib Jantung Pisang Kontrol Gula Darah Hingga Cegah Kanker Prostat
493,KESEHATAN,Terdeteksi pada Kopi Indonesia Apa Itu Isoprocarb
494,OLAHRAGA,Alasan Guardiola Percaya Liverpool Masih Jadi Kandidat Juara
495,OLAHRAGA,5 Point Guard yang Akan Mengguncang NBA 20222023 Nomor 1 Tak Terbantahkan
496,OLAHRAGA,Waktu Istirahat dalam Permainan Bola Basket
497,EKONOMI,Cara Daftar Autodebet BPJS Kesehatan Bank BRI BNI Mandiri dan BCA
498,OLAHRAGA,Golden State Warriors Telan 5 Kekalahan Beruntun di NBA 20222023 Steve Kerr Tetap Tenang
499,OLAHRAGA,Menggila di F1 GP Meksiko 2022 Ini Kunci Kemenangan Max Verstappen
500,OLAHRAGA,Golden State Warriors Kalah 4 Kali Beruntun di NBA 20222023 Draymond Green Soroti Lini Pertahanan 
501,KESEHATAN,Kelebihan Berat Badan Hatihati 10 Jenis Kanker Ini Mengintai
502,KESEHATAN,Pengemudi Mobil Tabrak Sepeda Sepakat Damai dengan Korban
503,KESEHATAN,8 Kebiasaan Tidur Siang yang Buruk Malah Bikin Otak Lemot
504,OLAHRAGA,Pukul Rekan Setim Draymond Green Putuskan Rehat Sejenak dari Golden State Warriors
505,EKONOMI,Jokowi Resmikan Terminal VVIP Bandara Halim Perdanakusuma
506,OLAHRAGA,Hasil Liga Inggris 20222023 Semalam Everton vs Leicester City 02 Leeds United vs Bournemouth 43
507,OLAHRAGA,Dikabarkan Sudah Berdamai Jordan Poole dan Draymond Green Ambisi Bawa Golden State Warriors Juara NBA 20222023
508,KESEHATAN,Tuntut Gaji Naik Ratusan Ribu Perawat di Inggris Siap Mogok Kerja
509,KESEHATAN,Hasil Liga Inggris Mo Salah Gemilang Liverpool Ganyang Tottenham
510,OLAHRAGA,Borussia Dortmund Sikat Bochum 30
511,EKONOMI,Mesir Kaji Indikator Mata Uang Baru Hindari Ketergantungan Dolar AS
512,OLAHRAGA,Antonio Conte Sebut Tottenham Hotspur Akan Semakin Kesulitan di Masa Depan Kenapa
513,OLAHRAGA,Jersey Sempr3 Teruntuk Perpisahan Gerard Pique di Barcelona
514,KESEHATAN,Trauma Masa Kecil dan Korban Bullying Bikin Toxic People
515,EKONOMI,Dolar AS Adem Ayem Rupiah Bertenaga ke Rp15357
516,OLAHRAGA,5 Pemain Inggris yang Paling Sering Diandalkan Jurgen Klopp di Liverpool Nomor 1 Penampilannya Sedang Menurun di Musim 20222023
517,OLAHRAGA,Hasil NBA 20222023 Hari Ini Boston Celtics Tundukkan Orlando Magic Miami Heat Redam Toronto Raptors
518,EKONOMI,Suku Bunga The Fed Tekuk Rupiah Berlutut Nyaris ke Rp15700
519,EKONOMI,Laba BCA Melonjak 248 Persen pada Kuartal III 2022
520,OLAHRAGA,Targetkan Masuk Kalender F1 Kolombia Ingin Tandatangani Kontrak Jangka Panjang
521,KESEHATAN,Resep MPASI Bubur Hati Ayam Baik untuk Tumbuh Kembang Anak
522,EKONOMI,Frustrasi Tak Cetak Gol Ronaldo Main Gulat Lawan Bek Aston Villa
523,EKONOMI,Credit Suisse Disebut Akan Bangkrut Khawatir Senasib Lehman Brothers
524,OLAHRAGA,Kualifikasi MotoGP Valencia 2022 Quartararo Start ke4 Bagnaia ke8
525,KESEHATAN,Lebih dari 1 Tahun Terinfeksi Pasien Covid di Inggris Berhasil Sembuh
526,OLAHRAGA,Newcastle Punya Keuntungan Jadwal untuk Jadi Juara Liga Inggris
527,KESEHATAN,Update Corona RI 6 November Tambah 3662 Kasus Baru Kematian 22 Kasus
528,KESEHATAN,7 Cara Mengurangi Nafsu Makan Berlebih Tanpa Bikin Kelaparan
529,EKONOMI,Sri Mulyani Ungkap Jurus Eks Menkeu Bambang Lawan Krisis yang Bakar RI
530,EKONOMI,Rupiah Lunglai ke Rp15258 per Dolar AS Jelang Rilis Inflasi September
531,OLAHRAGA,Tampil Buruk di Chelsea Raheem Sterling Diprediksi Takkan Dipanggil Timnas Inggris untuk Piala Dunia 2022
532,EKONOMI,Rupiah Ambrol ke Rp15540 per Dolar AS Terlemah Sejak April 2020
533,EKONOMI,Cara Kelola Uang Pesangon usai Kena PHK
534,OLAHRAGA,5 Pemain NBA yang Selalu Masuk Tim AllStar dalam Setiap Musimnya Nomor 1 Legenda Philadelphia Sixers
535,EKONOMI,Rupiah Menguat Tipis ke Rp15190 per Dolar AS
536,EKONOMI,244 Iklan Sektor Jasa Keuangan Langgar Aturan karena Menyesatkan
537,OLAHRAGA,Cancelo Dikartu Merah Man City 11 Fulham di Babak I
538,EKONOMI,Analis Nilai Negaranegara ASEAN Berisiko Tercekik Utang China
539,OLAHRAGA,5 Pemain Chelsea dengan Gaji Tertinggi saat Ini Nomor 1 Tembus Rp57 Miliar per Minggu
540,EKONOMI,BI Wantiwanti Jangan Sampai Dunia Terjebak Crisis Circle
541,EKONOMI,Bulan Inklusi Keuangan Moka Ajak UMKM Atur Keuangan
542,EKONOMI,BRI soal Informasi Tarif Transfer Jadi Rp150 Ribu per Tahun Hoaks
543,KESEHATAN,VIDEO Waspada Ciriciri Ginjal yang Rusak Apa Saja
544,EKONOMI,Cara Cetak Kartu BPJS Kesehatan Sendiri via Mobile JKN
545,OLAHRAGA,Benarkah Gerard Pique Sudah Tidak Dibutuhkan Barca Xavi
546,KESEHATAN,70 Persen Air Minum Indonesia Terkontaminasi Tinja Lalu Harus Gimana
547,OLAHRAGA,Ada Rekomendasi Sepakbola Indonesia Dibekukan Awas Ditegur FIFA
548,EKONOMI,Imbal Hasil AS Turun Rupiah Menguat ke Rp15283 per Dolar AS
549,KESEHATAN,INFOGRAFIS Awas Bahaya 4 Ciri Air Tercemar Tinja
550,KESEHATAN,7 Cara Menghilangkan Memar dengan Bahan Alami dan Aman
551,OLAHRAGA,Tim Putra STIN Pasundan Bandung Pimpin Klasemen Final Four Putaran 1
552,OLAHRAGA,pilih race
553,OLAHRAGA,Hasil Semifinal Hylo Open 2022 Disikat Wakil China Gregoria Mariska Tunjung Gagal Lolos ke Final
554,OLAHRAGA,Hasil Latihan Bebas 3 F1 GP Meksiko 2022 George Russel Tercepat Lewis Hamilton Posisi Ke2
555,EKONOMI,Relaksasi Kredit Kendaraan Listrik Diperpanjang sampai Akhir 2022
556,EKONOMI,Gerhana Bulan Total 8 November Butuh Alat Khusus Buat Saksikan
557,OLAHRAGA,Ini Penyebab Utama Lewis Hamilton Kesulitan Kalahkan Max Verstappen di F1 2022
558,EKONOMI,Bunga KPR di AS Nyaris Mendekati 7 Persen Imbas Kebijakan The Fed
559,KESEHATAN,Pria Hobi Bersepeda Waspadai Gangguan Prostatitis
560,EKONOMI,Politisi Bisa Jadi Bos Bank Indonesia di RUU PPSK
561,EKONOMI,BRI Life Pamerkan Pertumbuhan Premi di Tengah Ancaman Resesi
562,OLAHRAGA,Arsenal Tak Tersentuh di Puncak Klasemen Liga Inggris 20222023 Mikel Arteta Beberkan Penyebabnya
563,KESEHATAN,7 Obat Gusi Bengkak Alami Bisa Kumur Pakai Air Garam
564,OLAHRAGA,Scholes Semoga MU Ketemu Barca di Playoff Liga Europa
565,EKONOMI,Ongki Wanadjati Dana Diangkat Jadi Komisaris BTPN Syariah
566,EKONOMI,Kronologi LPS Tuntut Ganti Rugi Rektor UGM Rp29 M karena Bank Gagal
567,EKONOMI,Cadangan Devisa Turun Rupiah Terpuruk ke Level Rp15251 per Dolar AS
568,KESEHATAN,Salah Kaprah Soal Masuk Angin Ketika Kehujanan Ini Faktanya
569,OLAHRAGA,Hasil NBA 20222023 Hari Ini Milwaukee Bucks Makin Perkasa Miami Heat dan Phoenix Suns Tumbang
570,EKONOMI,LPS Tagih Rp29 M ke Rektor UGM Cs karena Bank Gagal
571,EKONOMI,Fitch Pangkas Prospek Peringkat Utang Inggris Jadi Negatif
572,EKONOMI,Alasan Uang Rp20 Ribu yang Viral di India Ditarik oleh BI
573,EKONOMI,Kredit Tumbuh 11 Persen pada September 2022
574,EKONOMI,Daftar 10 Bank Terbaru Gabung BIFAST
575,OLAHRAGA,Kabar Duka Tokoh Bulutangkis Justian Suhandinata Meninggal Dunia
576,KESEHATAN,Covid19 XBB Mudah Menular Tapi Keparahan dan Kematian Rendah
577,OLAHRAGA,F1 GP Meksiko 2022 Max Verstappen Takkan Bantu Sergio Perez Menang di Kandang
578,EKONOMI,Syarat dan Cara Daftar BPJS Kesehatan untuk Bayi Baru Lahir
579,KESEHATAN,Cukai Rokok Naik 10 Persen Seberapa Buruk Prevalensi Perokok di Indonesia
580,EKONOMI,Ribuan Warga Peru Protes Tuntut Presiden Castillo Mundur
581,OLAHRAGA,Graham Potter Arsenal Lagi di Puncak Klasemen karena
582,OLAHRAGA,Demi Berjaya di F1 GP Meksiko 2022 Ini Strategi Max Verstappen
583,EKONOMI,Sri Mulyani Berharap RUU PPSK Tak Ganggu Independensi BI
584,KESEHATAN,10 Kebiasaan Baik yang Bikin Tidur Jadi Nyenyak
585,KESEHATAN,5 Kebiasaan Sehat untuk Redakan Sembelit yang Tak Kunjung Sembuh
586,OLAHRAGA,Usai Lolos ke 16 Besar Liga Eropa 20222023 Arsenal Langsung Fokus Persiapkan Diri Hadapi Chelsea
587,OLAHRAGA,5 Alasan Marc Marquez Bakal Bantu Fabio Quartararo Juara MotoGP 2022 Nomor 1 Penebusan Dosa
588,EKONOMI,Rupiah Terperosok ke Level Rp15242 per Dolar AS
589,EKONOMI,BI Sebut Sistem Pembayaran 5 Negara Asean Bakal Terhubung pada 2023
590,EKONOMI,Dunia Terancam Resesi dan Stagflasi Lebih Baik Nabung atau Investasi
591,OLAHRAGA,Perbasi Kirim 20 Pemain Muda Jalani TC ke Amerika Serikat Demi Pertahankan Emas SEA Games 2023
592,KESEHATAN,7 Obat dengan Kandungan Etilen Glikol Melebihi Ambang Batas
593,EKONOMI,Cara Cek BI Checking Sebelum Ajukan Kredit ke Bank
594,KESEHATAN,INFOGRAFIS Daftar 7 Obat Dengan Kandungan EG dan DEG Tertinggi
595,OLAHRAGA,Penyebab Shesar Hiren Rhustavito Kalah dari Loh Kean Yew di 16 Besar Hylo Open 2022 Ada Smash yang Tak Dihitung Poin
596,EKONOMI,Bank Sentral Inggris Kerek Suku Bunga 75 Bps Tertinggi Sejak 1989
